id;name;author;publishing_office;publication_city;page_number;instance_id;admission_date
1;Radio security own what bar. Suggest wind create.;Michele Moses;Hunter Inc;Lake Maryview;989;379;01.02.2023
2;Find professional performance open parent ahead.;Kimberly Davis;Martinez, Brown and Mitchell;New Kimberly;296;50;01.02.2023
3;Including also here husband remember throw.;John Rogers;Burke, Boyer and Chan;Ochoafurt;605;186;01.02.2023
4;Class lay drop approach.;Jodi Pearson;Steele, Tucker and Vincent;Patrickfurt;838;151;01.02.2023
5;Performance fill technology child.;Todd Mclaughlin;Long-Gordon;Port Cameronville;452;423;01.02.2023
6;All heart skill admit.;Lisa Nicholson;Lee, Reed and Mcknight;Lake Tamaramouth;237;418;01.02.2023
105;Hjepwgjewporkwepobkwpebk;1111111;555555;"lfkd;vkdlv';advkl";134;532;01.02.2023
7;Simply anyone which answer store either.;Kari Chang;Campbell-Wilson;Julieberg;668;299;01.02.2023
8;Wide age star world appear find moment.;Brandon Flores;Woods Group;West Barbara;739;71;01.02.2023
111;33523532;Chad Brown;4353243;132546568;1;4343;01.02.2023
9;Value know range clear often person.;Jessica Gutierrez;Campbell, Bauer and Mcmahon;Port Deborah;714;162;01.02.2023
10;Group ability response study carry carry full.;Chad Brown;Browning, Stone and Phillips;Mariaview;876;259;01.02.2023
11;Free although doctor health low sing various.;Vanessa Neal;Francis-Lane;South Brittanyview;131;484;01.02.2023
12;Forget next husband north. Music among exactly.;Steven Day;Fields, Bates and Calhoun;South Melaniefort;671;229;01.02.2023
13;Suffer admit measure gun reality modern.;Kyle Morrow;Rogers and Sons;Wrightland;275;375;01.02.2023
14;Peace smile economy charge big.;Joshua Blanchard;Hayden Inc;South Laura;656;397;01.02.2023
15;Character argue that rest great.;Katherine Fernandez;Colon PLC;North Elizabethtown;751;6;01.02.2023
16;Change deep material perhaps.;Alicia Anderson;Hill-Hanna;West Deborah;208;188;01.02.2023
17;Decade although best. Community price sure.;Charles Hernandez;Cisneros-White;North Laurie;559;257;01.02.2023
18;Son truth act. Girl three member reality avoid.;Kimberly Barrett;Davis-Flores;Grayshire;489;486;01.02.2023
19;Us check heavy foreign fly community leave.;Amanda Thompson;Wilson, Rojas and Thomas;Sarahfurt;598;67;01.02.2023
20;Suddenly cultural not section against.;Carlos Martin;Shah-Acosta;Michaelburgh;296;159;01.02.2023
21;West understand yourself century small.;Elizabeth Clark;Hill, Porter and Golden;Benjaminside;536;473;01.02.2022
22;Least three study special he none letter hold.;Ashley Cox;Bradley-Novak;Daltonton;87;427;01.02.2022
23;Page statement against wall least knowledge.;Michael Jones;Rodriguez-Sanchez;Jamieborough;611;493;01.02.2022
24;Stop city free agree upon crime.;Isabella Stewart;Carrillo-Smith;Gailchester;231;199_1;01.02.2022
25;Point interesting large approach nice.;Donna Nichols;Williams and Sons;Matthewton;470;255;01.02.2022
26;Message idea phone state election stuff edge.;Christina Walker;Mckay, Jones and Atkins;Port Davidmouth;788;37;01.02.2022
27;Free land wind here now heart nature magazine.;Michelle Baker;Hernandez-Brooks;Smithburgh;867;102;01.02.2022
28;Any coach church father writer.;Catherine Smith;Kerr-Williams;South Maria;88;484;01.02.2022
29;Western write cold else.;Roy Carlson;Michael Inc;Bradybury;830;443;01.02.2022
30;Service poor box product.;Matthew Thomas;Diaz, Benson and Davis;New Nicholas;599;176;01.02.2022
31;Respond because along argue.;Amy Thomas;Patel-Wade;Bakerview;720;276;01.02.2022
32;Member degree trial.;Wendy Woods;Smith-Alexander;South Benjamin;579;70;01.02.2022
33;Economic road before indicate of nearly fly.;Miranda Martinez;Peters Inc;Bellstad;930;409;01.02.2022
34;Much talk decide stop.;Frederick Friedman;Shepherd-Jones;New Erik;343;44;01.02.2022
35;While part stop I their.;Stephen Chandler;Rivas-Grant;Sabrinamouth;64;175;01.02.2022
36;These budget law able.;Donald Wyatt;Rivera Inc;New Matthewport;683;272;01.02.2022
37;After should story collection two work toward.;Adam Carey;Mullins-Wilson;Leviland;303;423;01.02.2022
38;Source general white woman member.;Michael Pittman;Jimenez-Thompson;Longport;236;215;01.02.2022
39;Nice laugh toward foreign minute.;Brittany Daniels;Garcia, Leon and Kidd;Briggsfurt;823;269;01.02.2022
40;Somebody myself foreign issue.;Philip Walker;James Inc;Lake Lindsey;201;196;01.02.2022
41;Onto fight should catch guess bit beat.;James Gonzalez;Steele, Jacobs and Lester;East Christinahaven;122;252;01.02.2022
42;Congress main carry season.;Michelle Solis;Bush-Velazquez;West Robert;869;270;01.02.2022
43;Back while enter according lay police lead.;Deborah Baxter;Lyons-Miller;Davidtown;919;164;01.02.2022
44;End see machine build force.;Monica Hudson;Harmon Ltd;Ramirezview;376;314;01.02.2022
45;Several view soon wait knowledge.;Henry Edwards;Cortez-Cunningham;West Paulport;425;45149;01.02.2022
46;All item maintain plan if.;Mary Ford;Benjamin, Duke and Peterson;Watkinsfort;824;418;01.02.2022
47;Prove bag do up information dark.;Dr. Heidi Rasmussen;Vargas, Weeks and Williams;Myersville;733;204;01.02.2022
48;For majority relate open ever.;Sherry Bonilla;Williams, Freeman and Williams;Brittanychester;612;419;01.02.2022
49;Beat wall happy agency agency reality keep.;John Allen;Mayo Ltd;Deborahburgh;470;117;01.02.2022
50;Provide worker information much difference take.;Kelsey Mcintyre;Stone, Long and Torres;New Morganport;857;442;01.02.2022
51;Note bad analysis song than use.;Ralph Hernandez;Mitchell-Griffin;Shannonborough;346;96;01.02.2022
52;Former parent person risk oil system office.;Natalie Nelson;Summers Ltd;North Derekstad;144;239;01.02.2022
53;Most son want sign market.;Derek Clarke Jr.;Townsend, George and Miller;Michaelberg;952;219;01.02.2022
54;Them public quickly himself card yard.;John Vasquez;Carter, Trevino and Atkinson;Lake Diane;900;439;01.02.2022
55;Fish born city decide dark factor after.;Richard Ryan;Hernandez-Jackson;Lake John;607;41;01.02.2022
56;Lose drive role discussion.;David Garza;Carson LLC;Mariamouth;255;11.рту;01.02.2022
57;Mouth consider subject risk great try.;Danielle Baldwin;Goodman-Miller;Johnport;262;89;01.02.2022
58;Feeling reduce style.;Crystal Parrish;Thomas-Goodman;East Rubenview;413;39;01.02.2022
59;Leg still indeed public participant despite.;James Brooks DDS;Wood-Rodriguez;West Amanda;988;29;01.02.2022
60;Avoid here everybody city poor part specific.;Bobby Smith;Flores-Martin;North Sarahton;845;387;01.02.2022
61;Management music state and half.;Shane Smith;Brown, Campbell and Zhang;Vanessachester;57;174;01.02.2022
62;Argue all ability contain south.;Justin Jimenez;Bates, Hunt and Mcdonald;Hernandezmouth;470;211;01.02.2022
63;Shoulder stop leader by medical meeting past.;Karen English;Martin-Beasley;Masonland;901;261;01.02.2022
64;Reality long could you business.;Bailey Stout;Rodriguez-Mata;Lake Karina;523;494;01.02.2022
65;Hotel would prove woman until.;Robin Johnston;Sparks Inc;East Nicholaschester;756;124;01.02.2022
66;As class cell head shoulder opportunity.;Heather Mccoy DVM;Smith PLC;Charlesstad;943;274;01.02.2022
67;Charge senior go light relate dog.;Nathan Cook;Walls, Rodriguez and Harrison;Griffithland;189;270;01.02.2021
68;Blood face instead instead.;Mitchell Singh;Pham-Gonzalez;Randallhaven;706;306;01.02.2021
69;Pretty yard treatment believe.;Jonathon Hill;Salinas, Dennis and Wu;West Stephanieberg;203;71;01.02.2021
70;Turn laugh seven where live detail.;Terry Caldwell;Richards Group;North Jacqueline;233;284;01.02.2021
71;Couple future remain husband hospital apply yes.;Antonio Thomas;Zhang-Hodges;South Lisamouth;356;308;01.02.2021
72;Vote research avoid dog garden total reach.;Tracy Olsen;Lutz, Mcguire and Perez;East Shelbystad;76;282;01.02.2021
73;Today theory little open production son nor.;Thomas Allen;Holt and Sons;Port Melissa;521;273;01.02.2021
74;Police public nor hundred alone.;Sarah Flores;Young, Bowman and Jones;Lopezhaven;851;288;01.02.2021
75;All catch tax month final very.;Robert Leonard;Combs-Garcia;East Carolineland;55;195;01.02.2021
76;Pattern well style commercial trip.;Emily Castillo;Rivera-Evans;Timothyberg;289;332;01.02.2021
77;Pattern thought across country much.;Samuel Perez;Watson LLC;Humphreyberg;611;30;01.02.2021
78;Sometimes child room rest.;Carol Jimenez;Price, Coleman and Davidson;South Tonyfort;329;49;01.02.2021
79;Point grow fear today ready little.;Janet Miller;Obrien PLC;Dennismouth;349;429;01.02.2021
80;Eight fear building hair in among.;Brian Harvey;Hopkins-Franklin;North Gail;567;40;01.02.2021
81;Material reach above tough.;Matthew Jones;Brown LLC;Lake Ashleyshire;260;213;01.02.2021
82;Him morning TV nothing.;Courtney Phillips;Miller and Sons;Reyeston;224;475;01.02.2021
83;Activity ok account modern feel build page.;Susan Robinson;Thomas-Mullen;Williamtown;376;461;01.02.2021
84;How gun sound risk fight citizen.;Bruce Johns;Long, Watson and Vaughan;Murrayborough;791;64;01.02.2021
85;Around late style sign radio require visit.;Rebecca Lopez;Roberts-Harris;Thompsonton;278;111;01.02.2021
86;Morning hair word campaign. Early special class.;Pamela Yu;Fuentes, Blake and Santos;Brandonmouth;426;349;01.02.2021
87;Live production sport save field tell center.;Tara Wood;Henderson, Miller and Harris;South Meredith;910;297;01.02.2021
88;Court than management school report expect.;Steve Parker;Turner, Andersen and Elliott;Markton;254;393;01.02.2021
89;Prepare beat time television.;Charles Logan;Burch LLC;West Veronica;137;0_7;01.02.2021
90;Its every hair school card crime.;Noah Parks;Henderson Ltd;North Robert;651;130;01.02.2021
91;Opportunity far central so member.;Joshua Lopez;Aguilar-Olson;North Laurenstad;479;432;01.02.2021
92;Physical crime receive item.;Leah Morrison;Sanders Ltd;Martinmouth;716;91;01.02.2021
93;Radio add other tend mind.;Isaiah Decker;Serrano Inc;Rebeccashire;814;247;01.02.2021
94;News onto care only store financial relationship.;Kari Brown;Wyatt Inc;North Amystad;352;237;01.02.2021
95;Show put evidence over foot east.;Kristi Morgan;Bullock LLC;Tonyview;276;309;01.02.2021
96;Successful concern mind less approach entire.;George Palmer;Thompson PLC;Moraleshaven;753;346;01.02.2021
97;Power we new matter interview.;James Dixon;Hansen-Bowen;Port Robert;823;261;01.02.2021
98;Commercial modern a.;Tina Miller;Miller PLC;Jenniferland;58;303;01.02.2021
99;Father ready all evening much five tax.;Kathy Walker;Mejia Ltd;Christopherhaven;178;471;01.02.2021
100;Expert event glass store name something.;Jason Brown;Phillips, Santiago and Gilmore;Karenmouth;392;475;01.02.2021
