id;surname;name;patronymic;birthday;sex;address;phone
1;Cohen;Lisa;Pamela;1924-11-24;Male;62749 Fernandez Bypass;122.000.7740
2;Walker;Melinda;Joshua;1995-05-31;Female;90809 Justin Spurs Apt. 870;+1-555-467-1667x1406
3;Gomez;Karen;Cynthia;1957-09-20;Male;Unit 7381 Box 4371;
4;Larson;Connie;Brandon;2022-05-09;Male;08025 Manning Summit Apt. 828;(334)211-3592
5;Manning;Travis;Linda;2007-02-08;Male;9112 Rogers Burgs;588-953-3468x9833
6;Patterson;Eric;James;1932-08-09;Female;PSC 6310, Box 4172;
7;Davis;Mary;Olivia;1971-10-03;Male;09484 Johnson Groves;0205266858
8;Marsh;Laura;Nathan;1956-01-02;Male;3435 Renee Mills Suite 154;080.640.5560x623
9;Mcmillan;Michael;Thomas;1912-09-06;Female;8954 Martinez Points Suite 657;958.623.5359
10;Hendrix;Steven;Dana;2012-12-03;Male;9244 Wright Crescent Suite 375;768-358-6437
11;Lawrence;Harry;Angela;1981-04-09;Male;Unit 2495 Box 5680;
12;Harvey;Brittany;Matthew;1992-10-18;Male;994 Johnson Canyon;115-894-4314x06675
13;Kaiser;Gregory;Sherry;1985-05-18;Male;13467 Ashley Club Suite 411;6032440665
14;Baker;Sandra;Charles;1926-06-02;Female;1113 Oscar Trace Suite 787;+1-295-421-8253x50188
15;Barrett;Joseph;Carolyn;1929-12-28;Male;3842 Theresa Pines Suite 465;434-770-2042x373
16;Johnson;Jeremy;William;1999-11-23;Female;707 Ariana Mount;(440)187-1142x09967
17;Norris;Gabriella;Tanya;1923-09-21;Male;66230 Jessica Green Apt. 536;3353649333
18;Williams;Heather;James;1936-11-01;Male;903 Tammy Garden;159.507.4679
19;Turner;Raymond;Daniel;2014-01-02;Male;Unit 8946 Box 1194;
20;Knight;Joseph;Katrina;1958-04-07;Female;3726 Matthew Crossroad Suite 576;(812)593-9706
21;Lane;Derek;Carlos;1978-07-30;Male;31339 Mary Meadow Apt. 104;525-529-2103
22;Black;Melanie;Mary;2018-10-08;Female;Unit 0740 Box 7738;
23;Guerrero;Matthew;Christopher;1989-10-17;Female;87835 Smith Street;001-116-508-8117x98205
24;Ward;Erica;Elizabeth;2014-06-04;Male;USCGC White;
25;Hansen;Stanley;Daniel;1975-01-14;Female;6536 Zachary Road Apt. 268;373.469.5125x8035
26;Hatfield;Robert;Ethan;1998-09-29;Male;Unit 6612 Box 9659;
27;Brown;Shari;Gregory;1962-07-28;Female;094 James Street Apt. 456;344.089.5205x51103
28;Mayer;Linda;Gabrielle;1995-09-26;Male;725 Kimberly Lock Apt. 646;202-992-8565x16784
29;Bell;Joy;Gregory;2014-04-29;Male;295 John Forge;974-906-8728
30;Garner;James;Erica;1982-08-28;Male;6146 Laura Rue;(949)539-0094
31;Clark;Ashley;Robert;2004-12-09;Male;35167 Tammy Center Apt. 106;001-897-870-8379x0748
32;Delgado;James;Angela;1987-04-01;Female;66879 Joseph Glens;566.742.1616x0799
33;Woods;Thomas;Suzanne;1915-07-08;Male;309 Lawson Road Suite 481;001-744-986-1246x7671
34;Morgan;Jenna;Kyle;1932-03-10;Male;021 Wallace View Suite 109;422-873-5806x449
35;Mills;John;Dennis;1980-11-26;Male;727 James Club Apt. 554;9429335863
36;Haas;Rebecca;Joshua;1924-02-05;Male;4959 Riggs Inlet Suite 451;(096)169-6004
37;Zuniga;Sara;Eric;2009-01-17;Male;3730 Anderson Alley;001-486-843-6008x5598
38;Sampson;Paul;Chelsea;1997-05-11;Female;197 Jonathan Ridges Suite 742;(961)949-9335x19607
39;Cole;Alexis;Kelly;1943-01-27;Female;PSC 8477, Box 4316;
40;Garcia;Bradley;Nicholas;1956-11-06;Male;09242 Smith Meadow Suite 767;438-270-4265x1759
41;Smith;Matthew;Tina;1931-12-11;Male;00459 Tucker Forest;302-048-2352x913
42;Maldonado;Laura;Frances;1925-09-10;Female;8454 Andersen Mountains;533.756.9472x596
43;Fernandez;Paul;Susan;2019-04-08;Female;3920 Manning Mission Suite 766;919.989.6210
44;Carter;Bradley;Donna;2010-02-05;Male;533.756.9472x596;262 Dennis Circle Apt. 935
45;Kelley;Brad;Ray;1977-07-07;Male;80657 Paul Throughway Apt. 905;+1-673-234-7937
46;Miller;Randall;Austin;1911-10-04;Female;20250 Lisa Tunnel Apt. 588;963-356-5818x920
47;Miles;Ronald;Robert;1957-10-25;Male;1632 Audrey Plains;(118)961-7289
48;Solomon;Cassandra;Courtney;1948-06-14;Female;65317 Eric Walks Apt. 117;601-492-4824x367
49;Armstrong;Brandon;Jessica;1979-01-06;Male;PSC 7143, Box 0003;
50;Steele;Rebecca;Brian;1975-08-05;Female;2147 Shelton Loop;628-281-3060x89437
51;Zimmerman;William;Robert;1955-03-03;Male;06272 Kevin Drive;834-126-7284
52;Walker;Shannon;Emily;1936-10-31;Female;USNV Gonzalez;
53;Schneider;Andres;Kelly;1939-02-15;Female;5242 Chapman Landing Apt. 614;(512)833-9797
54;Anderson;Andrea;Destiny;1941-07-11;Male;17220 Knapp Street Apt. 138;001-375-226-2057
55;Garrett;Nicholas;Michael;1907-05-29;Male;13124 Gray Prairie Suite 649;+1-919-074-4949
56;Mays;Daniel;Andrea;1914-04-23;Female;05661 Lane Extensions Suite 957;+1-592-816-3001
57;Murphy;Dawn;Tracy;2016-07-26;Female;54193 Miller Shoals;001-174-245-1868x80433
58;Gutierrez;James;Heather;2013-04-27;Male;845 Daniel Shore Apt. 080;(159)122-0982
59;Allen;Christopher;Jennifer;2017-10-01;Male;59468 Catherine Ville Apt. 987;(550)330-2271
60;Mason;Brandy;Helen;2010-03-31;Male;PSC 3699, Box 8601;
61;Bryant;Richard;Paul;1965-05-30;Female;528 Carlson Tunnel;(569)589-9275x6870
62;Farmer;Adam;Phillip;1993-11-14;Male;89456 Kelly Shoal;(352)524-0076
63;Finley;Bradley;Thomas;1912-05-15;Female;8573 Gray Stream;460.880.5743x801
64;Garcia;Ronald;Jennifer;1962-11-10;Female;1744 Lynn Villages Apt. 022;391-399-0735x681
65;Campbell;Gregory;Matthew;1914-09-01;Female;4446 Katherine Course;588-116-8846
66;Mendez;Stacy;Robert;1913-12-13;Male;1980 Brown Camp Apt. 302;192.630.5708x6918
67;Bradley;Danielle;Faith;2023-01-17;Female;4270 Pamela Drive;629.849.9014
68;Smith;Allen;Jessica;1911-11-16;Male;71154 Ivan Landing;601-927-4358
69;Krueger;Scott;Shannon;2008-10-29;Female;270 Crystal Plains Suite 106;730.619.8895x0924
70;Martin;Shirley;Tyrone;2005-04-13;Female;54534 Campbell Underpass;022-174-6180
71;Massey;Troy;Ashley;1959-01-14;Male;89738 Emily Expressway;652.406.6136
72;Mckay;Kyle;John;1927-01-25;Female;530 Aguilar Mountain Apt. 809;379-160-6905x8721
73;Mendez;Stephen;Sarah;1973-07-28;Male;980 Stewart Shores Suite 430;025-389-0572
74;Coleman;Alexandra;Todd;1993-08-16;Male;USNS Lewis;
75;Hawkins;Paul;Laura;1920-11-03;Female;099 Gillespie Circles Suite 662;(581)482-0963
76;Dean;Philip;Chad;2000-04-07;Male;275 William Keys Apt. 070;001-139-298-7410
77;Larson;Eric;Janice;1945-12-23;Male;7552 Deanna Estate;(184)190-9637x6783
78;Scott;Christina;Kelsey;1970-04-23;Female;35022 Cynthia Manors;819.519.5591x27853
79;Neal;Jason;Andrew;1966-05-25;Female;2232 Christina Drive;(162)848-5779x510
80;Taylor;Lisa;Jennifer;2001-06-07;Male;647 Davis Alley;802-706-5725x79714
81;Jackson;Kevin;Theodore;1943-10-21;Female;02730 Garcia Mall Suite 886;+1-031-915-7542
82;Watkins;James;Mary;1966-08-08;Female;25194 Kathryn Bypass Apt. 660;(059)316-6896x36774
83;Miller;Brian;Colton;1930-08-15;Female;26583 Jennifer Well;(584)623-0588
84;Wade;Leslie;Barbara;1949-05-25;Female;343 Rodriguez Valley;001-460-217-7959x99395
85;Smith;Hayden;Kyle;1956-03-24;Female;142 Shane Pines Apt. 123;(348)766-4759
86;Warren;James;Andrew;1962-09-19;Male;792 Ruiz Port;952.214.5655x2483
87;Walters;Brandon;Miranda;;Male;07469 Joseph Bridge;851.491.5080
88;Lin;Michael;Jessica;1922-07-21;Female;162 Melissa Fork Apt. 083;4907075739
89;Watson;Angela;Troy;1954-10-19;Female;8652 Margaret Cliff;816-779-3301x17116
90;Ramsey;Patrick;Rebecca;1908-03-30;Female;76053 Michelle Views Apt. 738;647-163-7750x7684
91;Hamilton;Brian;Andrew;1972-10-21;Male;30472 Brown Center;(815)375-3309x046
92;Zamora;Pamela;Richard;1934-06-12;Male;189 Jeff Alley;916.174.3762x25720
93;Fernandez;Martha;Jennifer;1964-02-29;Female;PSC 5003, Box 5603;
94;Middleton;James;Isaac;1947-10-22;Male;908 Daniel Court Suite 229;+1-172-302-0498x291
95;Patel;Benjamin;John;1910-05-17;Female;34429 Thomas Mill;240-243-7425
96;Shaffer;Denise;Mary;1977-10-10;Male;72978 Lambert Drives;(956)284-5023x15899
97;Jackson;Daniel;Rebekah;1950-05-15;Female;27669 Fleming Skyway;(616)613-1402x79288
98;Rice;Chelsea;Amanda;1953-06-29;Female;97568 Hawkins Forest Apt. 440;365.094.2398
99;White;Christian;Jose;1907-10-25;Male;743 Jorge Vista Apt. 766;+1-397-581-3909x8419
100;Rivera;Michael;Raymond;1932-02-19;Male;2886 Ellison Inlet;194.002.9789
101;Matthews;Amber;Michael;1986-08-28;Female;62199 Kathryn Inlet Suite 723;134.600.2513
102;Dean;Dennis;Emma;1959-10-29;Female;4110 Megan Glen Apt. 156;431-170-7859x0195
103;Hanson;Brandy;Michael;2012-10-27;Female;305 Christine Falls Suite 675;808.178.0391x3029
104;Brown;Keith;Don;2011-04-22;Female;06046 Sean River;484-939-1828x29832
105;Howell;Michael;Angela;1910-03-06;Male;55947 Bradley Loaf Apt. 728;(461)622-1417x736
106;Jones;Sheena;Elizabeth;1989-01-12;Female;9839 Cabrera Unions;486-404-4152x58275
107;Moore;Robert;Todd;2002-06-19;Female;46647 Graves Villages;+1-454-949-7797x41855
108;Lindsey;Lynn;Dylan;2006-01-03;Male;96890 Samuel Via Suite 864;(496)503-9441x25817
109;Burton;Debra;Nancy;;Male;0458 Christopher Landing;(880)661-2151
110;Palmer;Cassandra;Danielle;1996-02-10;Female;15708 Jessica Burg;(164)224-0710x1119
111;Mckenzie;Jonathan;Jason;1963-04-04;Male;4988 Williams Glens;613-549-9663
112;Green;Lisa;Sarah;1940-02-24;Female;6720 Burton Drive;001-282-382-1387x9438
113;Hicks;Ashley;Debra;1980-05-01;Male;829 James Stream Suite 539;0333437139
114;Brown;David;Christina;1932-11-07;Female;20243 Steven Vista Apt. 823;265.719.5557x0372
115;Edwards;Kelsey;Amy;1915-12-12;Male;Unit 4751 Box 9884;
116;Branch;Patricia;Ashley;1990-11-04;Female;4819 Bradley Fort;301.273.4808x449
117;Golden;Gerald;Julie;1986-10-18;Male;96680 Stone Rapids;+1-399-150-9967
118;Perry;Daniel;Lori;1932-07-24;Female;35710 Daniel Estate Apt. 943;751-316-3725x683
119;Hanson;Brandy;Samantha;1993-06-19;Female;151 Cassandra Station Suite 012;001-764-813-2720
120;Miller;Jesse;Erin;1913-10-02;Female;69790 Natalie Oval;+1-275-555-3455x00710
121;Johnson;Bradley;Andrew;2020-10-09;Female;182 Kristina Oval Apt. 459;(049)441-0801x722
122;Perez;Jason;Shane;1980-01-17;Male;23483 Jennifer Shore Apt. 578;034-386-6844x85632
123;Johnson;Dennis;Brenda;1956-02-16;Male;Unit 4589 Box 4223;
124;Hernandez;Amanda;Diane;1981-12-15;Female;895 Haynes Isle;+1-050-256-3519
125;Bird;Natalie;Jonathan;1910-03-18;Female;705 Roger Estates Suite 101;(849)593-1426
126;Sherman;James;John;1936-09-26;Male;40352 Wilson Rest;1945999222
127;Woodard;Autumn;Joseph;1968-06-29;Female;78936 Megan Drives;(506)361-7780x408
128;Kaiser;Devon;Raymond;1984-12-24;Male;999 Lauren Via;+1-373-776-6423x24525
129;Ramirez;Jacqueline;Rachel;1973-01-29;Female;47739 Davis Court;642.909.1598x7187
130;Mccarthy;Kevin;Evan;2016-08-09;Male;025 Hahn Lake;(794)786-2097x8517
131;Phillips;Elizabeth;Raven;1978-07-01;Male;242 Jessica Isle;083.985.0069x1393
132;Rice;Kevin;Michelle;2009-08-08;Female;072 Darrell Plaza Apt. 080;663-236-1332x60093
133;Hall;Matthew;Jared;1988-11-19;Male;0154 Morgan Haven Suite 776;091.513.2779x972
134;West;Tiffany;Kathryn;1947-08-08;Male;27004 Cruz Run Suite 552;5425466473
135;Johnston;Amanda;Jessica;1930-05-18;Female;296 Jeffrey Harbor;539-051-0167x60914
136;Powell;Martin;Gary;1959-06-03;Female;01279 Bishop Valley;+1-922-340-9664x8737
137;Soto;Gregory;Patrick;1978-07-21;Male;56570 Jaime Creek Suite 927;7948196330
138;Lopez;Raven;Laura;1980-11-08;Male;10370 Brian Drive Apt. 739;(781)658-3923x60736
139;Edwards;Matthew;Tiffany;1926-10-12;Male;PSC 2752, Box 6339;
140;Cannon;Kelly;Thomas;1995-05-13;Female;0361 David Extensions Suite 472;671-161-7768x08077
141;Osborne;Tim;Vernon;1994-03-09;Male;17581 Meyers Bypass Suite 224;246-096-2479
142;Porter;Randy;Gregory;1966-02-24;Male;5210 John Knolls Apt. 198;001-631-179-3024
143;Gonzalez;John;Linda;1974-12-07;Male;3813 Megan Pass Suite 474;427.574.3427x9550
144;Medina;Katherine;Lisa;;Male;92609 Tiffany Land Apt. 965;+1-427-744-1655x810
145;Reynolds;Brenda;Ashley;1996-06-04;Male;3498 Mcdonald Parkway Apt. 940;(584)028-0255x2813
146;Sanders;Brian;Linda;1960-10-14;Female;PSC 9719, Box 0663;
147;Sosa;Victoria;Jennifer;2010-10-05;Male;011 Thomas Oval Apt. 794;962.987.1657x475
148;Woodard;David;Ryan;1944-05-19;Male;55923 Bill Ranch Apt. 000;249.615.2817
149;Rios;Heather;Donald;1971-11-10;Male;818 Alicia Manors Apt. 609;412.553.8552x292
150;Moore;Bonnie;David;1987-05-09;Female;8108 Michelle Station;2983078062
151;Griffith;Shawn;Jillian;1974-08-01;Female;1130 Jamie Centers Apt. 095;001-328-496-6014
152;Schroeder;Wayne;Stacy;1945-10-10;Male;42092 Debra Spring;143.814.1572
153;Rivera;Derek;Ryan;2005-09-17;Male;4546 Davis Parkways Suite 902;001-950-143-6265
154;Salas;Kathryn;Jennifer;1997-06-07;Female;USCGC Howard;
155;Edwards;Jasmine;Joshua;1952-11-06;Male;390 Dwayne Street Apt. 838;(481)432-6859
156;Stuart;Daniel;Shari;1907-12-26;Female;967 Hunt Junction;173-520-6345x1816
157;Thompson;Felicia;Tyler;1998-01-05;Male;6990 Smith Summit;(342)590-3483
158;Bailey;Alexander;Bridget;1917-07-17;Male;436 Burns Trace Suite 127;(887)385-5141x6722
159;Peters;Eric;Kristy;1909-03-21;Female;880 Williams Green;+1-534-904-8975x84972
160;Miller;Jonathan;Jacqueline;1960-05-02;Female;PSC 7836, Box 1233;
161;Ferguson;Kyle;Robert;2012-03-21;Male;275 Young Hills;839-071-8921x5652
162;Reynolds;Dawn;Randy;1943-04-11;Female;63163 Michael Hills;+1-233-372-1971x575
163;Jenkins;Mark;Rodney;1948-01-10;Female;324 Leon Oval Apt. 924;741-590-3774x4735
164;Ashley;Robert;Glen;1949-01-08;Female;59941 Reilly Manor;889.802.7715x64581
165;Gilmore;Andrew;Tiffany;1969-07-13;Female;007 Natalie Falls;4903379341
166;Young;Brenda;John;1955-03-21;Female;438 Martinez Crescent;992.236.5247
167;Archer;Richard;Kathy;1914-03-11;Female;4969 Reid Drives;577-750-3786
168;Martinez;Jonathan;Kathleen;1984-07-05;Male;22673 Hale Plaza Apt. 082;+1-643-429-1017x77660
169;Doyle;George;Hunter;1910-06-14;Female;711 Kimberly Hill;846-227-6215
170;Harrison;Stacy;Jerry;1918-06-24;Female;880 Gerald Crescent;7934878678
171;Brown;Donald;Bethany;1967-04-18;Female;550 Lopez Fort Suite 291;570-264-7923x820
172;Olson;Cynthia;Christopher;1966-09-22;Male;87615 Grant Village;3828357275
173;Cline;Lisa;Michael;1996-11-17;Female;7858 Miller Island Apt. 393;759.021.0363x31872
174;Ross;Debra;Beverly;1940-07-24;Male;USNV Barnes;
175;Tapia;Jeffrey;Julie;1990-11-06;Female;3614 Jerry Radial Suite 512;436.823.7599x0806
176;3614 Jerry Radial Suite 512;291-358-2070;;1961-01-23;Female;;
177;Lawson;Gary;Rhonda;1982-09-21;Male;4067 Rivera Vista Suite 016;(457)932-0693
178;Oconnor;Adam;Chase;1950-10-26;Male;010 Kenneth Course Suite 921;493-814-0910
179;Ramirez;Matthew;Jennifer;;Female;388 Samantha Pine Apt. 089;(145)256-5279x33639
180;Foster;Douglas;Sylvia;2013-02-07;Male;0637 Arnold Roads Apt. 709;765-885-5792x12172
181;Payne;Karen;Daniel;1918-05-16;Female;714 Lopez Rapids Suite 864;734.713.7137x656
182;Taylor;Lisa;Nicole;1975-05-13;Female;0481 Brown Pike;001-671-560-4671
183;Smith;Sarah;Kristina;2009-05-09;Female;345 Jasmine Walks Apt. 090;349-047-1327
184;Carter;Sue;Anna;1952-06-16;Female;Unit 6115 Box 1260;
185;Calhoun;Michele;Olivia;1934-02-27;Female;04785 Carl Lakes;001-495-517-3748x0807
186;Short;Trevor;Edward;1960-02-23;Female;14629 White Ways;(755)370-4222x73688
187;Johnson;Thomas;Virginia;1966-08-21;Male;59562 Benjamin Street Suite 342;(595)107-6569
188;Hart;James;Monica;2010-01-26;Female;51407 Jessica Tunnel Apt. 939;845.463.3484x9668
189;Williams;Karen;Melissa;1973-11-28;Female;629 Clark Points Suite 593;001-269-054-4453x73690
190;Bray;Jennifer;Richard;1927-05-19;Female;PSC 3612, Box 3725;
191;Frazier;Melissa;Amber;1951-10-01;Female;803 Wayne Vista;388-868-2707x95981
192;Moore;Jessica;Michael;1974-11-04;Male;7652 Mary Spurs;(056)945-8779x5485
193;Fox;Jason;Jennifer;1929-12-11;Female;62011 Stephen Crossroad;(734)718-4712x7424
194;Jones;Jesus;Kevin;1925-05-02;Male;64377 Warner Corner;+1-969-000-4254x86166
195;Miller;Michael;David;2017-06-24;Female;91581 Owens Radial;+1-219-100-2924x659
196;Anderson;Jesus;Brenda;1958-09-06;Female;99220 Reginald Ridges;+1-690-359-0705
197;Richards;Eric;Hunter;1907-05-21;Female;107 Curtis Ranch Apt. 336;(496)779-0529
198;Smith;Lori;Nicholas;1965-11-26;Female;USS Howard;
199;Robinson;Jennifer;James;2007-03-07;Male;38966 Kristen Court;362-517-6469
200;Johnson;Melissa;Michael;1999-11-28;Female;97927 Marshall Road Apt. 200;001-534-307-4288x966
